file,sha256
ICJ_2022.xlsx,e6230c3a7ecd10d293cef819baaff0c56177d9a765581ddb1f924f541ed85e49
ICJ_2018.xlsx,d6061a26777eba28b24129791d8859cee4554a0d80b2e2ca600ea635756ac89a
ICJ_2014.xlsx,c6802655990dff9024eb0ccd06304d4a9f985213c755cfe4eb7a685deabded5b
ICJ_2015.xlsx,83d773534f83d535323db340660402bc74603c6cd4447ef927a137636e46d698
ICJ_2019.xlsx,70d3dc430c869dc8d0643600db3b77ca971c385ae5c3024694298b0b70ba09cc
ICJ_2023.xlsx,005865081ab36ab8198d58d6b07beff5292c06fe213b743facdadc42d7656a73
ICJ_2012.xlsx,8d67827c6c9c1768629d78685d45df7db4f7d59fa412233fcfcc57ba474d1be3
ICJ_2013.xlsx,2e8482c8a4e514f881c0f205e8abcf3f82305339c6eba092a86186de8331fba3
ICJ_2010.xlsx,46e045641f97033cf6961e384d4d4ff0687332c169d5a3256d8aea27077c4c86
ICJ_Instituicao_Ano_bolsistas_2010_2023.xlsx,a55bb97ebc901e1705142307d9e146b22b42fbc1cb14377be8591246d7015a41
ICJ_2011.xlsx,ab41c0dcf9ea7b4d37418b6f5de5bdb96b57e5f8117226f4e5831657114ccdc9
~$ICJ_Instituicao_Ano_bolsistas_2010_2023.xlsx,5d13d0c2e55bc6bf15493d129f5afeee33aa1a6df28a3527398627ccb08a6152
ICJ_2020.xlsx,2cc41bef80351ddfae83919dc8531dd0a165afc3ec949872b7fe54657f909d9c
ICJ_2016.xlsx,b6aeabfada0fd12bdc463ad7424091bd6cb21c443cd81abfb11124ba27ed73c9
ICJ_2017.xlsx,8d5c5f594c2dd9776e47046c2d61f807705f4baec32efe1a5ebb696398609606
ICJ_2021.xlsx,875210ba15756e1671352dcaa40ddbe4e7ba78acdc2d301fc0d49d67a58d6dfa
